datetime,model,cycleIndex,contiIndex
2022-10-01 00:00:00+00:00,96,152,106
2022-10-01 01:00:00+00:00,96,152,105
2022-10-01 02:00:00+00:00,89,151,105
2022-10-01 03:00:00+00:00,87,155,105
2022-10-01 04:00:00+00:00,87,155,106
2022-10-01 05:00:00+00:00,87,157,105
2022-10-01 06:00:00+00:00,87,156,105
2022-10-01 07:00:00+00:00,87,160,106
2022-10-01 08:00:00+00:00,68,169,106
2022-10-01 09:00:00+00:00,75,165,106
2022-10-01 10:00:00+00:00,87,154,106
2022-10-01 11:00:00+00:00,63,169,106
2022-10-01 12:00:00+00:00,56,177,107
2022-10-01 13:00:00+00:00,58,172,105
2022-10-01 14:00:00+00:00,87,154,105
2022-10-01 15:00:00+00:00,86,159,105
2022-10-01 16:00:00+00:00,37,199,106
2022-10-01 17:00:00+00:00,37,193,107
2022-10-01 18:00:00+00:00,37,197,107
2022-10-01 19:00:00+00:00,0,0,0
2022-10-01 20:00:00+00:00,0,0,0
2022-10-01 21:00:00+00:00,0,0,0
2022-10-01 22:00:00+00:00,0,0,0
2022-10-01 23:00:00+00:00,0,0,0
2022-10-02 00:00:00+00:00,0,0,0
2022-10-02 01:00:00+00:00,0,0,0
2022-10-02 02:00:00+00:00,0,0,0
2022-10-02 03:00:00+00:00,0,0,0
2022-10-02 04:00:00+00:00,0,0,0
2022-10-02 05:00:00+00:00,0,0,0
2022-10-02 06:00:00+00:00,0,0,0
2022-10-02 07:00:00+00:00,0,0,0
2022-10-02 08:00:00+00:00,0,0,0
2022-10-02 09:00:00+00:00,0,0,0
2022-10-02 10:00:00+00:00,0,0,0
2022-10-02 11:00:00+00:00,0,0,0
2022-10-02 12:00:00+00:00,0,0,0
2022-10-02 13:00:00+00:00,0,0,0
2022-10-02 14:00:00+00:00,0,0,0
2022-10-02 15:00:00+00:00,0,0,0
2022-10-02 16:00:00+00:00,0,0,0
2022-10-02 17:00:00+00:00,0,0,0
2022-10-02 18:00:00+00:00,0,0,0
2022-10-02 19:00:00+00:00,0,0,0
2022-10-02 20:00:00+00:00,0,0,0
2022-10-02 21:00:00+00:00,0,0,0
2022-10-02 22:00:00+00:00,0,0,0
2022-10-02 23:00:00+00:00,0,0,0
2022-10-03 00:00:00+00:00,0,0,0
2022-10-03 01:00:00+00:00,0,0,0
2022-10-03 02:00:00+00:00,0,0,0
2022-10-03 03:00:00+00:00,0,0,0
2022-10-03 04:00:00+00:00,0,0,0
2022-10-03 05:00:00+00:00,0,0,0
2022-10-03 06:00:00+00:00,0,0,0
2022-10-03 07:00:00+00:00,0,0,0
2022-10-03 08:00:00+00:00,0,0,0
2022-10-03 09:00:00+00:00,0,0,0
2022-10-03 10:00:00+00:00,0,0,0
2022-10-03 11:00:00+00:00,0,0,0
2022-10-03 12:00:00+00:00,0,0,0
2022-10-03 13:00:00+00:00,0,0,0
2022-10-03 14:00:00+00:00,0,0,0
2022-10-03 15:00:00+00:00,0,0,0
2022-10-03 16:00:00+00:00,0,0,0
2022-10-03 17:00:00+00:00,0,0,0
2022-10-03 18:00:00+00:00,0,0,0
2022-10-03 19:00:00+00:00,0,0,0
2022-10-03 20:00:00+00:00,0,0,0
2022-10-03 21:00:00+00:00,0,0,0
2022-10-03 22:00:00+00:00,0,0,0
2022-10-03 23:00:00+00:00,40,206,104
2022-10-04 00:00:00+00:00,78,197,106
2022-10-04 01:00:00+00:00,78,197,106
2022-10-04 02:00:00+00:00,78,191,107
2022-10-04 03:00:00+00:00,0,0,0
2022-10-04 04:00:00+00:00,42,0,105
2022-10-04 05:00:00+00:00,42,0,105
2022-10-04 06:00:00+00:00,42,0,105
2022-10-04 07:00:00+00:00,78,195,106
2022-10-04 08:00:00+00:00,78,201,106
2022-10-04 09:00:00+00:00,76,140,106
2022-10-04 10:00:00+00:00,76,143,105
2022-10-04 11:00:00+00:00,76,139,105
2022-10-04 12:00:00+00:00,76,141,105
2022-10-04 13:00:00+00:00,58,208,105
2022-10-04 14:00:00+00:00,58,205,106
2022-10-04 15:00:00+00:00,52,212,106
2022-10-04 16:00:00+00:00,19,196,106
2022-10-04 17:00:00+00:00,19,175,107
2022-10-04 18:00:00+00:00,56,156,94
2022-10-04 19:00:00+00:00,0,0,0
2022-10-04 20:00:00+00:00,0,0,0
2022-10-04 21:00:00+00:00,0,0,0
2022-10-04 22:00:00+00:00,52,33,42
2022-10-04 23:00:00+00:00,52,32,39
2022-10-05 00:00:00+00:00,52,34,39
2022-10-05 01:00:00+00:00,52,33,39
2022-10-05 02:00:00+00:00,84,124,87
2022-10-05 03:00:00+00:00,96,149,104
2022-10-05 04:00:00+00:00,96,156,104
2022-10-05 05:00:00+00:00,94,183,105
2022-10-05 06:00:00+00:00,94,175,105
2022-10-05 07:00:00+00:00,94,180,106
2022-10-05 08:00:00+00:00,80,255,105
2022-10-05 09:00:00+00:00,80,263,106
2022-10-05 10:00:00+00:00,34,210,106
2022-10-05 11:00:00+00:00,7,171,106
2022-10-05 12:00:00+00:00,7,173,106
2022-10-05 13:00:00+00:00,7,181,105
2022-10-05 14:00:00+00:00,7,177,105
2022-10-05 15:00:00+00:00,57,186,105
2022-10-05 16:00:00+00:00,57,184,106
2022-10-05 17:00:00+00:00,37,193,105
2022-10-05 18:00:00+00:00,51,189,106
2022-10-05 19:00:00+00:00,0,0,0
2022-10-05 20:00:00+00:00,0,0,0
2022-10-05 21:00:00+00:00,0,0,0
2022-10-05 22:00:00+00:00,96,147,105
2022-10-05 23:00:00+00:00,96,155,104
2022-10-06 00:00:00+00:00,78,166,105
2022-10-06 01:00:00+00:00,37,188,105
2022-10-06 02:00:00+00:00,37,190,105
2022-10-06 03:00:00+00:00,37,198,105
2022-10-06 04:00:00+00:00,41,243,105
2022-10-06 05:00:00+00:00,68,525,105
2022-10-06 06:00:00+00:00,68,503,106
2022-10-06 07:00:00+00:00,86,301,106
2022-10-06 08:00:00+00:00,95,176,106
2022-10-06 09:00:00+00:00,95,177,106
2022-10-06 10:00:00+00:00,95,170,107
2022-10-06 11:00:00+00:00,64,0,106
2022-10-06 12:00:00+00:00,66,161,107
2022-10-06 13:00:00+00:00,66,162,106
2022-10-06 14:00:00+00:00,66,170,106
2022-10-06 15:00:00+00:00,73,157,107
2022-10-06 16:00:00+00:00,94,173,107
2022-10-06 17:00:00+00:00,76,143,107
2022-10-06 18:00:00+00:00,76,140,106
2022-10-06 19:00:00+00:00,0,0,0
2022-10-06 20:00:00+00:00,0,0,0
2022-10-06 21:00:00+00:00,0,0,0
2022-10-06 22:00:00+00:00,0,0,0
2022-10-06 23:00:00+00:00,76,140,106
2022-10-07 00:00:00+00:00,89,150,106
2022-10-07 01:00:00+00:00,96,151,106
2022-10-07 02:00:00+00:00,78,202,107
2022-10-07 03:00:00+00:00,78,194,107
2022-10-07 04:00:00+00:00,78,192,107
2022-10-07 05:00:00+00:00,78,204,107
2022-10-07 06:00:00+00:00,54,168,106
2022-10-07 07:00:00+00:00,48,175,107
2022-10-07 08:00:00+00:00,20,226,106
2022-10-07 09:00:00+00:00,20,223,108
2022-10-07 10:00:00+00:00,56,183,106
2022-10-07 11:00:00+00:00,56,815,107
2022-10-07 12:00:00+00:00,95,869,106
2022-10-07 13:00:00+00:00,95,874,106
2022-10-07 14:00:00+00:00,95,873,106
2022-10-07 15:00:00+00:00,95,742,106
2022-10-07 16:00:00+00:00,96,587,106
2022-10-07 17:00:00+00:00,52,175,41
2022-10-07 18:00:00+00:00,52,174,40
2022-10-07 19:00:00+00:00,0,0,0
2022-10-07 20:00:00+00:00,0,0,0
2022-10-07 21:00:00+00:00,0,0,0
2022-10-07 22:00:00+00:00,52,175,39
2022-10-07 23:00:00+00:00,59,514,79
2022-10-08 00:00:00+00:00,60,525,82
2022-10-08 01:00:00+00:00,53,174,40
2022-10-08 02:00:00+00:00,53,174,40
2022-10-08 03:00:00+00:00,53,174,40
2022-10-08 04:00:00+00:00,55,755,88
2022-10-08 05:00:00+00:00,57,942,106
2022-10-08 06:00:00+00:00,94,880,105
2022-10-08 07:00:00+00:00,94,881,106
2022-10-08 08:00:00+00:00,94,876,107
2022-10-08 09:00:00+00:00,84,922,106
2022-10-08 10:00:00+00:00,19,1176,106
2022-10-08 11:00:00+00:00,64,1043,106
2022-10-08 12:00:00+00:00,78,1007,106
2022-10-08 13:00:00+00:00,78,998,105
2022-10-08 14:00:00+00:00,96,588,105
2022-10-08 15:00:00+00:00,96,588,105
2022-10-08 16:00:00+00:00,37,996,105
2022-10-08 17:00:00+00:00,37,993,106
2022-10-08 18:00:00+00:00,67,1456,105
2022-10-08 19:00:00+00:00,67,3010,107
2022-10-08 20:00:00+00:00,0,0,0
2022-10-08 21:00:00+00:00,0,0,0
2022-10-08 22:00:00+00:00,0,0,0
2022-10-08 23:00:00+00:00,0,0,0
2022-10-09 00:00:00+00:00,0,0,0
2022-10-09 01:00:00+00:00,0,0,0
2022-10-09 02:00:00+00:00,0,0,0
2022-10-09 03:00:00+00:00,0,0,0
2022-10-09 04:00:00+00:00,0,0,0
2022-10-09 05:00:00+00:00,0,0,0
2022-10-09 06:00:00+00:00,0,0,0
2022-10-09 07:00:00+00:00,0,0,0
2022-10-09 08:00:00+00:00,0,0,0
2022-10-09 09:00:00+00:00,0,0,0
2022-10-09 10:00:00+00:00,0,0,0
2022-10-09 11:00:00+00:00,0,0,0
2022-10-09 12:00:00+00:00,0,0,0
2022-10-09 13:00:00+00:00,0,0,0
2022-10-09 14:00:00+00:00,0,0,0
2022-10-09 15:00:00+00:00,0,0,0
2022-10-09 16:00:00+00:00,0,0,0
2022-10-09 17:00:00+00:00,0,0,0
2022-10-09 18:00:00+00:00,0,0,0
2022-10-09 19:00:00+00:00,0,0,0
2022-10-09 20:00:00+00:00,0,0,0
2022-10-09 21:00:00+00:00,0,0,0
2022-10-09 22:00:00+00:00,67,1546,101
2022-10-09 23:00:00+00:00,67,1498,104
2022-10-10 00:00:00+00:00,67,1483,105
2022-10-10 01:00:00+00:00,67,1476,105
2022-10-10 02:00:00+00:00,76,609,105
2022-10-10 03:00:00+00:00,76,611,105
2022-10-10 04:00:00+00:00,76,610,105
2022-10-10 05:00:00+00:00,82,671,105
2022-10-10 06:00:00+00:00,87,720,105
2022-10-10 07:00:00+00:00,62,780,105
2022-10-10 08:00:00+00:00,62,802,105
2022-10-10 09:00:00+00:00,0,0,0
2022-10-10 10:00:00+00:00,0,0,0
2022-10-10 11:00:00+00:00,0,0,0
2022-10-10 12:00:00+00:00,0,0,0
2022-10-10 13:00:00+00:00,0,0,0
2022-10-10 14:00:00+00:00,0,0,0
2022-10-10 15:00:00+00:00,0,0,0
2022-10-10 16:00:00+00:00,0,0,0
2022-10-10 17:00:00+00:00,0,0,0
2022-10-10 18:00:00+00:00,0,0,0
2022-10-10 19:00:00+00:00,0,0,0
2022-10-10 20:00:00+00:00,0,0,0
2022-10-10 21:00:00+00:00,0,0,0
2022-10-10 22:00:00+00:00,0,0,0
2022-10-10 23:00:00+00:00,87,724,104
2022-10-11 00:00:00+00:00,87,725,104
2022-10-11 01:00:00+00:00,42,0,105
2022-10-11 02:00:00+00:00,42,0,105
2022-10-11 03:00:00+00:00,0,0,0
2022-10-11 04:00:00+00:00,87,725,105
2022-10-11 05:00:00+00:00,87,720,105
2022-10-11 06:00:00+00:00,87,723,105
2022-10-11 07:00:00+00:00,89,678,106
2022-10-11 08:00:00+00:00,96,588,105
2022-10-11 09:00:00+00:00,96,591,106
2022-10-11 10:00:00+00:00,78,1002,106
2022-10-11 11:00:00+00:00,77,882,106
2022-10-11 12:00:00+00:00,76,608,106
2022-10-11 13:00:00+00:00,76,611,105
2022-10-11 14:00:00+00:00,81,689,105
2022-10-11 15:00:00+00:00,95,881,105
2022-10-11 16:00:00+00:00,82,894,106
2022-10-11 17:00:00+00:00,56,919,106
2022-10-11 18:00:00+00:00,55,925,106
2022-10-11 19:00:00+00:00,0,0,0
2022-10-11 20:00:00+00:00,0,0,0
2022-10-11 21:00:00+00:00,0,0,0
2022-10-11 22:00:00+00:00,37,1002,105
2022-10-11 23:00:00+00:00,37,995,106
2022-10-12 00:00:00+00:00,37,998,106
2022-10-12 01:00:00+00:00,37,994,107
2022-10-12 02:00:00+00:00,52,761,106
2022-10-12 03:00:00+00:00,54,731,106
2022-10-12 04:00:00+00:00,73,950,106
2022-10-12 05:00:00+00:00,78,1021,107
2022-10-12 06:00:00+00:00,75,1010,107
2022-10-12 07:00:00+00:00,20,1120,107
2022-10-12 08:00:00+00:00,20,1120,107
2022-10-12 09:00:00+00:00,96,587,106
2022-10-12 10:00:00+00:00,96,586,106
2022-10-12 11:00:00+00:00,57,943,107
2022-10-12 12:00:00+00:00,65,880,107
2022-10-12 13:00:00+00:00,87,724,106
2022-10-12 14:00:00+00:00,44,996,106
2022-10-12 15:00:00+00:00,82,753,106
2022-10-12 16:00:00+00:00,87,717,106
2022-10-12 17:00:00+00:00,95,880,105
2022-10-12 18:00:00+00:00,95,885,106
2022-10-12 19:00:00+00:00,95,839,102
2022-10-12 20:00:00+00:00,0,0,0
2022-10-12 21:00:00+00:00,0,0,0
2022-10-12 22:00:00+00:00,0,0,0
2022-10-12 23:00:00+00:00,95,879,105
2022-10-13 00:00:00+00:00,95,879,106
2022-10-13 01:00:00+00:00,95,876,106
2022-10-13 02:00:00+00:00,83,710,106
2022-10-13 03:00:00+00:00,76,606,106
2022-10-13 04:00:00+00:00,76,607,106
2022-10-13 05:00:00+00:00,76,607,106
2022-10-13 06:00:00+00:00,94,879,106
2022-10-13 07:00:00+00:00,94,880,107
2022-10-13 08:00:00+00:00,94,880,107
2022-10-13 09:00:00+00:00,92,867,106
2022-10-13 10:00:00+00:00,52,175,41
2022-10-13 11:00:00+00:00,53,207,45
2022-10-13 12:00:00+00:00,77,677,105
2022-10-13 13:00:00+00:00,60,350,64
2022-10-13 14:00:00+00:00,52,177,41
2022-10-13 15:00:00+00:00,55,329,58
2022-10-13 16:00:00+00:00,65,722,106
2022-10-13 17:00:00+00:00,96,587,106
2022-10-13 18:00:00+00:00,96,588,106
2022-10-13 19:00:00+00:00,0,0,0
2022-10-13 20:00:00+00:00,0,0,0
2022-10-13 21:00:00+00:00,0,0,0
2022-10-13 22:00:00+00:00,0,0,0
2022-10-13 23:00:00+00:00,84,678,106
2022-10-14 00:00:00+00:00,19,1181,106
2022-10-14 01:00:00+00:00,34,1025,107
2022-10-14 02:00:00+00:00,37,1005,108
2022-10-14 03:00:00+00:00,37,1009,108
2022-10-14 04:00:00+00:00,37,1000,107
2022-10-14 05:00:00+00:00,40,987,108
2022-10-14 06:00:00+00:00,56,920,108
2022-10-14 07:00:00+00:00,54,757,108
2022-10-14 08:00:00+00:00,78,1011,108
2022-10-14 09:00:00+00:00,78,1010,108
2022-10-14 10:00:00+00:00,78,1009,108
2022-10-14 11:00:00+00:00,78,1007,108
2022-10-14 12:00:00+00:00,54,734,107
2022-10-14 13:00:00+00:00,54,730,106
2022-10-14 14:00:00+00:00,61,729,106
2022-10-14 15:00:00+00:00,73,643,106
2022-10-14 16:00:00+00:00,76,608,106
2022-10-14 17:00:00+00:00,70,668,105
2022-10-14 18:00:00+00:00,66,724,106
2022-10-14 19:00:00+00:00,66,722,107
2022-10-14 20:00:00+00:00,0,0,0
2022-10-14 21:00:00+00:00,96,153,106
2022-10-14 22:00:00+00:00,96,152,105
2022-10-14 23:00:00+00:00,90,150,105
2022-10-15 00:00:00+00:00,87,153,105
2022-10-15 01:00:00+00:00,87,155,106
2022-10-15 02:00:00+00:00,87,157,105
2022-10-15 03:00:00+00:00,87,156,105
2022-10-15 04:00:00+00:00,87,159,106
2022-10-15 05:00:00+00:00,71,169,106
2022-10-15 06:00:00+00:00,73,165,106
2022-10-15 07:00:00+00:00,87,155,106
2022-10-15 08:00:00+00:00,67,168,106
2022-10-15 09:00:00+00:00,56,176,107
2022-10-15 10:00:00+00:00,56,173,105
2022-10-15 11:00:00+00:00,87,155,105
2022-10-15 12:00:00+00:00,86,158,105
2022-10-15 13:00:00+00:00,37,198,106
2022-10-15 14:00:00+00:00,37,194,107
2022-10-15 15:00:00+00:00,37,197,107
2022-10-15 16:00:00+00:00,37,202,106
2022-10-15 17:00:00+00:00,0,0,0
2022-10-15 18:00:00+00:00,0,0,0
2022-10-15 19:00:00+00:00,0,0,0
2022-10-15 20:00:00+00:00,0,0,0
2022-10-15 21:00:00+00:00,0,0,0
2022-10-15 22:00:00+00:00,0,0,0
2022-10-15 23:00:00+00:00,0,0,0
2022-10-16 00:00:00+00:00,0,0,0
2022-10-16 01:00:00+00:00,0,0,0
2022-10-16 02:00:00+00:00,0,0,0
2022-10-16 03:00:00+00:00,0,0,0
2022-10-16 04:00:00+00:00,0,0,0
2022-10-16 05:00:00+00:00,0,0,0
2022-10-16 06:00:00+00:00,0,0,0
2022-10-16 07:00:00+00:00,0,0,0
2022-10-16 08:00:00+00:00,0,0,0
2022-10-16 09:00:00+00:00,0,0,0
2022-10-16 10:00:00+00:00,0,0,0
2022-10-16 11:00:00+00:00,0,0,0
2022-10-16 12:00:00+00:00,0,0,0
2022-10-16 13:00:00+00:00,0,0,0
2022-10-16 14:00:00+00:00,0,0,0
2022-10-16 15:00:00+00:00,0,0,0
2022-10-16 16:00:00+00:00,0,0,0
2022-10-16 17:00:00+00:00,0,0,0
2022-10-16 18:00:00+00:00,0,0,0
2022-10-16 19:00:00+00:00,0,0,0
2022-10-16 20:00:00+00:00,0,0,0
2022-10-16 21:00:00+00:00,0,0,0
2022-10-16 22:00:00+00:00,0,0,0
2022-10-16 23:00:00+00:00,0,0,0
2022-10-17 00:00:00+00:00,0,0,0
2022-10-17 01:00:00+00:00,0,0,0
2022-10-17 02:00:00+00:00,0,0,0
2022-10-17 03:00:00+00:00,0,0,0
2022-10-17 04:00:00+00:00,0,0,0
2022-10-17 05:00:00+00:00,0,0,0
2022-10-17 06:00:00+00:00,0,0,0
2022-10-17 07:00:00+00:00,0,0,0
2022-10-17 08:00:00+00:00,0,0,0
2022-10-17 09:00:00+00:00,0,0,0
2022-10-17 10:00:00+00:00,0,0,0
2022-10-17 11:00:00+00:00,0,0,0
2022-10-17 12:00:00+00:00,0,0,0
2022-10-17 13:00:00+00:00,0,0,0
2022-10-17 14:00:00+00:00,0,0,0
2022-10-17 15:00:00+00:00,0,0,0
2022-10-17 16:00:00+00:00,0,0,0
2022-10-17 17:00:00+00:00,0,0,0
2022-10-17 18:00:00+00:00,0,0,0
2022-10-17 19:00:00+00:00,0,0,0
2022-10-17 20:00:00+00:00,37,206,104
2022-10-17 21:00:00+00:00,78,198,106
2022-10-17 22:00:00+00:00,78,196,106
2022-10-17 23:00:00+00:00,78,194,107
2022-10-18 00:00:00+00:00,0,0,0
2022-10-18 01:00:00+00:00,42,0,105
2022-10-18 02:00:00+00:00,42,0,105
2022-10-18 03:00:00+00:00,42,0,105
2022-10-18 04:00:00+00:00,78,193,106
2022-10-18 05:00:00+00:00,78,203,106
2022-10-18 06:00:00+00:00,76,142,106
2022-10-18 07:00:00+00:00,76,143,105
2022-10-18 08:00:00+00:00,76,139,105
2022-10-18 09:00:00+00:00,76,142,105
2022-10-18 10:00:00+00:00,58,212,105
2022-10-18 11:00:00+00:00,58,205,106
2022-10-18 12:00:00+00:00,58,205,107
2022-10-18 13:00:00+00:00,19,194,106
2022-10-18 14:00:00+00:00,19,196,107
2022-10-18 15:00:00+00:00,56,180,104
2022-10-18 16:00:00+00:00,52,18,42
2022-10-18 17:00:00+00:00,0,0,0
2022-10-18 18:00:00+00:00,0,0,0
2022-10-18 19:00:00+00:00,52,34,42
2022-10-18 20:00:00+00:00,52,32,39
2022-10-18 21:00:00+00:00,52,34,39
2022-10-18 22:00:00+00:00,52,33,39
2022-10-18 23:00:00+00:00,79,111,80
2022-10-19 00:00:00+00:00,96,148,104
2022-10-19 01:00:00+00:00,96,156,104
2022-10-19 02:00:00+00:00,94,196,105
2022-10-19 03:00:00+00:00,94,176,105
2022-10-19 04:00:00+00:00,94,179,106
2022-10-19 05:00:00+00:00,80,254,105
2022-10-19 06:00:00+00:00,80,266,106
2022-10-19 07:00:00+00:00,44,217,106
2022-10-19 08:00:00+00:00,7,171,106
2022-10-19 09:00:00+00:00,7,173,106
2022-10-19 10:00:00+00:00,7,180,105
2022-10-19 11:00:00+00:00,7,178,105
2022-10-19 12:00:00+00:00,55,186,105
2022-10-19 13:00:00+00:00,57,185,106
2022-10-19 14:00:00+00:00,37,194,105
2022-10-19 15:00:00+00:00,45,192,106
2022-10-19 16:00:00+00:00,96,152,105
2022-10-19 17:00:00+00:00,0,0,0
2022-10-19 18:00:00+00:00,0,0,0
2022-10-19 19:00:00+00:00,0,0,0
2022-10-19 20:00:00+00:00,96,154,104
2022-10-19 21:00:00+00:00,90,156,105
2022-10-19 22:00:00+00:00,37,191,105
2022-10-19 23:00:00+00:00,37,187,105
2022-10-20 00:00:00+00:00,37,199,105
2022-10-20 01:00:00+00:00,37,196,105
2022-10-20 02:00:00+00:00,68,533,105
2022-10-20 03:00:00+00:00,68,492,106
2022-10-20 04:00:00+00:00,83,352,106
2022-10-20 05:00:00+00:00,95,178,106
2022-10-20 06:00:00+00:00,95,177,106
2022-10-20 07:00:00+00:00,95,171,107
2022-10-20 08:00:00+00:00,64,0,106
2022-10-20 09:00:00+00:00,66,161,107
2022-10-20 10:00:00+00:00,66,155,106
2022-10-20 11:00:00+00:00,66,173,106
2022-10-20 12:00:00+00:00,68,154,107
2022-10-20 13:00:00+00:00,94,172,107
2022-10-20 14:00:00+00:00,76,143,107
2022-10-20 15:00:00+00:00,76,139,106
2022-10-20 16:00:00+00:00,76,142,106
2022-10-20 17:00:00+00:00,0,0,0
2022-10-20 18:00:00+00:00,0,0,0
2022-10-20 19:00:00+00:00,0,0,0
2022-10-20 20:00:00+00:00,76,140,106
2022-10-20 21:00:00+00:00,85,144,106
2022-10-20 22:00:00+00:00,96,152,106
2022-10-20 23:00:00+00:00,80,197,106
2022-10-21 00:00:00+00:00,78,195,107
2022-10-21 01:00:00+00:00,78,191,107
2022-10-21 02:00:00+00:00,78,204,107
2022-10-21 03:00:00+00:00,54,168,106
2022-10-21 04:00:00+00:00,50,171,107
2022-10-21 05:00:00+00:00,20,227,106
2022-10-21 06:00:00+00:00,20,222,108
2022-10-21 07:00:00+00:00,56,174,106
2022-10-21 08:00:00+00:00,56,757,107
2022-10-21 09:00:00+00:00,95,869,106
2022-10-21 10:00:00+00:00,95,873,106
2022-10-21 11:00:00+00:00,95,874,106
2022-10-21 12:00:00+00:00,95,796,107
2022-10-21 13:00:00+00:00,96,587,106
2022-10-21 14:00:00+00:00,52,175,41
2022-10-21 15:00:00+00:00,52,174,40
2022-10-21 16:00:00+00:00,52,174,40
2022-10-21 17:00:00+00:00,0,0,0
2022-10-21 18:00:00+00:00,0,0,0
2022-10-21 19:00:00+00:00,52,175,39
2022-10-21 20:00:00+00:00,58,439,70
2022-10-21 21:00:00+00:00,62,589,89
2022-10-21 22:00:00+00:00,53,174,40
2022-10-21 23:00:00+00:00,53,174,40
2022-10-22 00:00:00+00:00,53,174,40
2022-10-22 01:00:00+00:00,55,664,81
2022-10-22 02:00:00+00:00,57,943,106
2022-10-22 03:00:00+00:00,94,882,105
2022-10-22 04:00:00+00:00,94,879,106
2022-10-22 05:00:00+00:00,94,877,107
2022-10-22 06:00:00+00:00,91,890,107
2022-10-22 07:00:00+00:00,19,1174,106
2022-10-22 08:00:00+00:00,57,1067,106
2022-10-22 09:00:00+00:00,78,1006,106
2022-10-22 10:00:00+00:00,78,998,105
2022-10-22 11:00:00+00:00,96,588,105
2022-10-22 12:00:00+00:00,96,587,105
2022-10-22 13:00:00+00:00,37,996,105
2022-10-22 14:00:00+00:00,37,993,106
2022-10-22 15:00:00+00:00,67,1450,105
2022-10-22 16:00:00+00:00,67,1702,105
2022-10-22 17:00:00+00:00,0,0,0
2022-10-22 18:00:00+00:00,0,0,0
2022-10-22 19:00:00+00:00,0,0,0
2022-10-22 20:00:00+00:00,0,0,0
2022-10-22 21:00:00+00:00,0,0,0
2022-10-22 22:00:00+00:00,0,0,0
2022-10-22 23:00:00+00:00,0,0,0
2022-10-23 00:00:00+00:00,0,0,0
2022-10-23 01:00:00+00:00,0,0,0
2022-10-23 02:00:00+00:00,0,0,0
2022-10-23 03:00:00+00:00,0,0,0
2022-10-23 04:00:00+00:00,0,0,0
2022-10-23 05:00:00+00:00,0,0,0
2022-10-23 06:00:00+00:00,0,0,0
2022-10-23 07:00:00+00:00,0,0,0
2022-10-23 08:00:00+00:00,0,0,0
2022-10-23 09:00:00+00:00,0,0,0
2022-10-23 10:00:00+00:00,0,0,0
2022-10-23 11:00:00+00:00,0,0,0
2022-10-23 12:00:00+00:00,0,0,0
2022-10-23 13:00:00+00:00,0,0,0
2022-10-23 14:00:00+00:00,0,0,0
2022-10-23 15:00:00+00:00,0,0,0
2022-10-23 16:00:00+00:00,0,0,0
2022-10-23 17:00:00+00:00,0,0,0
2022-10-23 18:00:00+00:00,0,0,0
2022-10-23 19:00:00+00:00,0,0,0
2022-10-23 20:00:00+00:00,67,1503,104
2022-10-23 21:00:00+00:00,67,1485,105
2022-10-23 22:00:00+00:00,67,1470,105
2022-10-23 23:00:00+00:00,74,718,105
2022-10-24 00:00:00+00:00,76,610,105
2022-10-24 01:00:00+00:00,76,610,105
2022-10-24 02:00:00+00:00,80,655,105
2022-10-24 03:00:00+00:00,87,720,105
2022-10-24 04:00:00+00:00,62,778,105
2022-10-24 05:00:00+00:00,62,791,105
2022-10-24 06:00:00+00:00,0,0,0
2022-10-24 07:00:00+00:00,0,0,0
2022-10-24 08:00:00+00:00,0,0,0
2022-10-24 09:00:00+00:00,0,0,0
2022-10-24 10:00:00+00:00,0,0,0
2022-10-24 11:00:00+00:00,0,0,0
2022-10-24 12:00:00+00:00,0,0,0
2022-10-24 13:00:00+00:00,0,0,0
2022-10-24 14:00:00+00:00,0,0,0
2022-10-24 15:00:00+00:00,0,0,0
2022-10-24 16:00:00+00:00,0,0,0
2022-10-24 17:00:00+00:00,0,0,0
2022-10-24 18:00:00+00:00,0,0,0
2022-10-24 19:00:00+00:00,0,0,0
2022-10-24 20:00:00+00:00,87,724,104
2022-10-24 21:00:00+00:00,87,725,104
2022-10-24 22:00:00+00:00,87,718,104
2022-10-24 23:00:00+00:00,42,0,105
2022-10-25 00:00:00+00:00,42,0,105
2022-10-25 01:00:00+00:00,87,725,105
2022-10-25 02:00:00+00:00,87,722,105
2022-10-25 03:00:00+00:00,87,721,105
2022-10-25 04:00:00+00:00,88,700,106
2022-10-25 05:00:00+00:00,96,590,105
2022-10-25 06:00:00+00:00,96,590,106
2022-10-25 07:00:00+00:00,78,1002,106
2022-10-25 08:00:00+00:00,77,926,106
2022-10-25 09:00:00+00:00,76,608,106
2022-10-25 10:00:00+00:00,76,612,105
2022-10-25 11:00:00+00:00,78,647,105
2022-10-25 12:00:00+00:00,95,879,105
2022-10-25 13:00:00+00:00,87,887,106
2022-10-25 14:00:00+00:00,56,921,106
2022-10-25 15:00:00+00:00,56,923,106
2022-10-25 16:00:00+00:00,37,993,106
2022-10-25 17:00:00+00:00,0,0,0
2022-10-25 18:00:00+00:00,0,0,0
2022-10-25 19:00:00+00:00,0,0,0
2022-10-25 20:00:00+00:00,37,997,106
2022-10-25 21:00:00+00:00,37,997,106
2022-10-25 22:00:00+00:00,37,995,107
2022-10-25 23:00:00+00:00,50,789,106
2022-10-26 00:00:00+00:00,54,731,106
2022-10-26 01:00:00+00:00,69,910,106
2022-10-26 02:00:00+00:00,78,1023,107
2022-10-26 03:00:00+00:00,78,1003,107
2022-10-26 04:00:00+00:00,20,1119,107
2022-10-26 05:00:00+00:00,20,1128,107
2022-10-26 06:00:00+00:00,96,587,106
2022-10-26 07:00:00+00:00,96,586,106
2022-10-26 08:00:00+00:00,61,905,106
2022-10-26 09:00:00+00:00,64,888,107
2022-10-26 10:00:00+00:00,87,727,106
2022-10-26 11:00:00+00:00,53,941,106
2022-10-26 12:00:00+00:00,73,811,106
2022-10-26 13:00:00+00:00,87,718,106
2022-10-26 14:00:00+00:00,95,880,105
2022-10-26 15:00:00+00:00,95,879,106
2022-10-26 16:00:00+00:00,95,839,102
2022-10-26 17:00:00+00:00,0,0,0
2022-10-26 18:00:00+00:00,0,0,0
2022-10-26 19:00:00+00:00,0,0,0
2022-10-26 20:00:00+00:00,95,879,105
2022-10-26 21:00:00+00:00,95,880,106
2022-10-26 22:00:00+00:00,95,874,106
2022-10-26 23:00:00+00:00,85,748,106
2022-10-27 00:00:00+00:00,76,606,106
2022-10-27 01:00:00+00:00,76,607,105
2022-10-27 02:00:00+00:00,76,608,106
2022-10-27 03:00:00+00:00,94,880,106
2022-10-27 04:00:00+00:00,94,879,107
2022-10-27 05:00:00+00:00,94,880,107
2022-10-27 06:00:00+00:00,92,868,106
2022-10-27 07:00:00+00:00,52,176,41
2022-10-27 08:00:00+00:00,52,175,41
2022-10-27 09:00:00+00:00,77,678,105
2022-10-27 10:00:00+00:00,64,435,74
2022-10-27 11:00:00+00:00,52,177,41
2022-10-27 12:00:00+00:00,54,278,52
2022-10-27 13:00:00+00:00,65,722,106
2022-10-27 14:00:00+00:00,93,599,106
2022-10-27 15:00:00+00:00,96,587,106
2022-10-27 16:00:00+00:00,96,589,106
2022-10-27 17:00:00+00:00,0,0,0
2022-10-27 18:00:00+00:00,0,0,0
2022-10-27 19:00:00+00:00,0,0,0
2022-10-27 20:00:00+00:00,96,583,106
2022-10-27 21:00:00+00:00,19,1181,106
2022-10-27 22:00:00+00:00,32,1042,107
2022-10-27 23:00:00+00:00,37,1005,108
2022-10-28 00:00:00+00:00,37,1009,108
2022-10-28 01:00:00+00:00,37,1000,107
2022-10-28 02:00:00+00:00,38,997,108
2022-10-28 03:00:00+00:00,56,918,108
2022-10-28 04:00:00+00:00,54,772,108
2022-10-28 05:00:00+00:00,78,1011,107
2022-10-28 06:00:00+00:00,78,1009,108
2022-10-28 07:00:00+00:00,78,1009,108
2022-10-28 08:00:00+00:00,78,1007,108
2022-10-28 09:00:00+00:00,54,734,107
2022-10-28 10:00:00+00:00,54,730,106
2022-10-28 11:00:00+00:00,60,729,106
2022-10-28 12:00:00+00:00,72,651,106
2022-10-28 13:00:00+00:00,76,608,106
2022-10-28 14:00:00+00:00,71,661,105
2022-10-28 15:00:00+00:00,66,723,106
2022-10-28 16:00:00+00:00,66,723,107
2022-10-28 17:00:00+00:00,0,0,0
2022-10-28 18:00:00+00:00,0,0,0
2022-10-28 19:00:00+00:00,96,154,106
2022-10-28 20:00:00+00:00,96,153,105
2022-10-28 21:00:00+00:00,91,149,105
2022-10-28 22:00:00+00:00,87,151,105
2022-10-28 23:00:00+00:00,87,154,106
2022-10-29 00:00:00+00:00,87,158,105
2022-10-29 01:00:00+00:00,87,155,105
2022-10-29 02:00:00+00:00,87,160,106
2022-10-29 03:00:00+00:00,76,165,106
2022-10-29 04:00:00+00:00,70,167,106
2022-10-29 05:00:00+00:00,87,155,106
2022-10-29 06:00:00+00:00,73,167,106
2022-10-29 07:00:00+00:00,56,175,107
2022-10-29 08:00:00+00:00,56,173,105
2022-10-29 09:00:00+00:00,85,155,105
2022-10-29 10:00:00+00:00,87,157,105
2022-10-29 11:00:00+00:00,37,200,106
2022-10-29 12:00:00+00:00,37,191,107
2022-10-29 13:00:00+00:00,37,200,107
2022-10-29 14:00:00+00:00,37,188,106
2022-10-29 15:00:00+00:00,0,0,0
2022-10-29 16:00:00+00:00,0,0,0
2022-10-29 17:00:00+00:00,0,0,0
2022-10-29 18:00:00+00:00,0,0,0
2022-10-29 19:00:00+00:00,0,0,0
2022-10-29 20:00:00+00:00,0,0,0
2022-10-29 21:00:00+00:00,0,0,0
2022-10-29 22:00:00+00:00,0,0,0
2022-10-29 23:00:00+00:00,0,0,0
2022-10-30 00:00:00+00:00,0,0,0
2022-10-30 01:00:00+00:00,0,0,0
2022-10-30 02:00:00+00:00,0,0,0
2022-10-30 03:00:00+00:00,0,0,0
2022-10-30 04:00:00+00:00,0,0,0
2022-10-30 05:00:00+00:00,0,0,0
2022-10-30 06:00:00+00:00,0,0,0
2022-10-30 07:00:00+00:00,0,0,0
2022-10-30 08:00:00+00:00,0,0,0
2022-10-30 09:00:00+00:00,0,0,0
2022-10-30 10:00:00+00:00,0,0,0
2022-10-30 11:00:00+00:00,0,0,0
2022-10-30 12:00:00+00:00,0,0,0
2022-10-30 13:00:00+00:00,0,0,0
2022-10-30 14:00:00+00:00,0,0,0
2022-10-30 15:00:00+00:00,0,0,0
2022-10-30 16:00:00+00:00,0,0,0
2022-10-30 17:00:00+00:00,0,0,0
2022-10-30 18:00:00+00:00,0,0,0
2022-10-30 19:00:00+00:00,0,0,0
2022-10-30 20:00:00+00:00,0,0,0
2022-10-30 21:00:00+00:00,0,0,0
2022-10-30 22:00:00+00:00,0,0,0
2022-10-30 23:00:00+00:00,0,0,0
2022-10-31 00:00:00+00:00,0,0,0
2022-10-31 01:00:00+00:00,0,0,0
2022-10-31 02:00:00+00:00,0,0,0
2022-10-31 03:00:00+00:00,0,0,0
2022-10-31 04:00:00+00:00,0,0,0
2022-10-31 05:00:00+00:00,0,0,0
2022-10-31 06:00:00+00:00,0,0,0
2022-10-31 07:00:00+00:00,0,0,0
2022-10-31 08:00:00+00:00,0,0,0
2022-10-31 09:00:00+00:00,0,0,0
2022-10-31 10:00:00+00:00,0,0,0
2022-10-31 11:00:00+00:00,0,0,0
2022-10-31 12:00:00+00:00,0,0,0
2022-10-31 13:00:00+00:00,0,0,0
2022-10-31 14:00:00+00:00,0,0,0
2022-10-31 15:00:00+00:00,0,0,0
2022-10-31 16:00:00+00:00,0,0,0
2022-10-31 17:00:00+00:00,0,0,0
2022-10-31 18:00:00+00:00,37,206,104
2022-10-31 19:00:00+00:00,78,198,106
2022-10-31 20:00:00+00:00,78,197,106
2022-10-31 21:00:00+00:00,78,194,107
2022-10-31 22:00:00+00:00,0,0,0
2022-10-31 23:00:00+00:00,42,0,105
2022-11-01 00:00:00+00:00,42,0,105
2022-11-01 01:00:00+00:00,42,0,106
2022-11-01 02:00:00+00:00,78,193,106
2022-11-01 03:00:00+00:00,78,202,106
2022-11-01 04:00:00+00:00,76,155,106
2022-11-01 05:00:00+00:00,76,143,105
2022-11-01 06:00:00+00:00,76,139,105
2022-11-01 07:00:00+00:00,76,141,105
2022-11-01 08:00:00+00:00,58,220,105
2022-11-01 09:00:00+00:00,58,204,106
2022-11-01 10:00:00+00:00,58,207,107
2022-11-01 11:00:00+00:00,19,193,106
2022-11-01 12:00:00+00:00,19,196,107
2022-11-01 13:00:00+00:00,57,184,105
2022-11-01 14:00:00+00:00,52,18,42
2022-11-01 15:00:00+00:00,0,0,0
2022-11-01 16:00:00+00:00,0,0,0
2022-11-01 17:00:00+00:00,52,36,43
2022-11-01 18:00:00+00:00,52,32,40
2022-11-01 19:00:00+00:00,52,33,39
2022-11-01 20:00:00+00:00,52,33,39
2022-11-01 21:00:00+00:00,74,97,71
2022-11-01 22:00:00+00:00,96,147,104
2022-11-01 23:00:00+00:00,96,156,104
2022-11-02 00:00:00+00:00,94,200,105
2022-11-02 01:00:00+00:00,94,175,105
2022-11-02 02:00:00+00:00,94,180,106
2022-11-02 03:00:00+00:00,85,224,105
2022-11-02 04:00:00+00:00,80,265,106
2022-11-02 05:00:00+00:00,63,242,106
2022-11-02 06:00:00+00:00,7,175,105
2022-11-02 07:00:00+00:00,7,170,106
2022-11-02 08:00:00+00:00,7,183,105
2022-11-02 09:00:00+00:00,7,176,105
2022-11-02 10:00:00+00:00,40,186,105
2022-11-02 11:00:00+00:00,57,184,106
2022-11-02 12:00:00+00:00,37,190,105
2022-11-02 13:00:00+00:00,38,199,106
2022-11-02 14:00:00+00:00,96,162,105
2022-11-02 15:00:00+00:00,0,0,0
2022-11-02 16:00:00+00:00,0,0,0
2022-11-02 17:00:00+00:00,0,0,0
2022-11-02 18:00:00+00:00,96,153,104
2022-11-02 19:00:00+00:00,96,153,104
2022-11-02 20:00:00+00:00,37,191,105
2022-11-02 21:00:00+00:00,37,187,105
2022-11-02 22:00:00+00:00,37,195,105
2022-11-02 23:00:00+00:00,37,196,105
2022-11-03 00:00:00+00:00,68,548,105
2022-11-03 01:00:00+00:00,68,492,106
2022-11-03 02:00:00+00:00,77,415,106
2022-11-03 03:00:00+00:00,95,180,106
2022-11-03 04:00:00+00:00,95,182,106
2022-11-03 05:00:00+00:00,95,169,107
2022-11-03 06:00:00+00:00,64,0,106
2022-11-03 07:00:00+00:00,66,161,107
2022-11-03 08:00:00+00:00,66,143,106
2022-11-03 09:00:00+00:00,66,172,106
2022-11-03 10:00:00+00:00,66,155,107
2022-11-03 11:00:00+00:00,94,174,107
2022-11-03 12:00:00+00:00,76,143,107
2022-11-03 13:00:00+00:00,76,140,106
2022-11-03 14:00:00+00:00,76,137,106
2022-11-03 15:00:00+00:00,0,0,0
2022-11-03 16:00:00+00:00,0,0,0
2022-11-03 17:00:00+00:00,0,0,0
2022-11-03 18:00:00+00:00,76,141,106
2022-11-03 19:00:00+00:00,81,143,106
2022-11-03 20:00:00+00:00,96,154,106
2022-11-03 21:00:00+00:00,83,185,106
2022-11-03 22:00:00+00:00,78,199,107
2022-11-03 23:00:00+00:00,78,191,107
2022-11-04 00:00:00+00:00,78,199,107
2022-11-04 01:00:00+00:00,54,168,106
2022-11-04 02:00:00+00:00,52,169,107
2022-11-04 03:00:00+00:00,20,227,106
2022-11-04 04:00:00+00:00,20,223,107
2022-11-04 05:00:00+00:00,56,170,106
2022-11-04 06:00:00+00:00,56,671,107
2022-11-04 07:00:00+00:00,85,883,106
2022-11-04 08:00:00+00:00,95,870,106
2022-11-04 09:00:00+00:00,95,874,106
2022-11-04 10:00:00+00:00,95,844,107
2022-11-04 11:00:00+00:00,96,587,106
2022-11-04 12:00:00+00:00,58,241,51
2022-11-04 13:00:00+00:00,52,174,40
2022-11-04 14:00:00+00:00,52,174,40
2022-11-04 15:00:00+00:00,0,0,0
2022-11-04 16:00:00+00:00,0,0,0
2022-11-04 17:00:00+00:00,0,0,0
2022-11-04 18:00:00+00:00,57,392,65
2022-11-04 19:00:00+00:00,64,705,103
2022-11-04 20:00:00+00:00,53,174,40
2022-11-04 21:00:00+00:00,53,174,40
2022-11-04 22:00:00+00:00,53,174,40
2022-11-04 23:00:00+00:00,54,520,69
2022-11-05 00:00:00+00:00,57,944,106
2022-11-05 01:00:00+00:00,94,882,105
2022-11-05 02:00:00+00:00,94,879,106
2022-11-05 03:00:00+00:00,94,877,107
2022-11-05 04:00:00+00:00,94,881,107
2022-11-05 05:00:00+00:00,19,1174,106
2022-11-05 06:00:00+00:00,47,1095,106
2022-11-05 07:00:00+00:00,78,1005,106
2022-11-05 08:00:00+00:00,78,998,105
2022-11-05 09:00:00+00:00,96,588,105
2022-11-05 10:00:00+00:00,96,587,105
2022-11-05 11:00:00+00:00,41,967,105
2022-11-05 12:00:00+00:00,37,993,106
2022-11-05 13:00:00+00:00,64,1397,105
2022-11-05 14:00:00+00:00,67,1569,105
2022-11-05 15:00:00+00:00,0,0,0
2022-11-05 16:00:00+00:00,0,0,0
2022-11-05 17:00:00+00:00,0,0,0
2022-11-05 18:00:00+00:00,0,0,0
2022-11-05 19:00:00+00:00,0,0,0
2022-11-05 20:00:00+00:00,0,0,0
2022-11-05 21:00:00+00:00,0,0,0
2022-11-05 22:00:00+00:00,0,0,0
2022-11-05 23:00:00+00:00,0,0,0
2022-11-06 00:00:00+00:00,0,0,0
2022-11-06 01:00:00+00:00,0,0,0
2022-11-06 02:00:00+00:00,0,0,0
2022-11-06 03:00:00+00:00,0,0,0
2022-11-06 04:00:00+00:00,0,0,0
2022-11-06 05:00:00+00:00,0,0,0
2022-11-06 06:00:00+00:00,0,0,0
2022-11-06 07:00:00+00:00,0,0,0
2022-11-06 08:00:00+00:00,0,0,0
2022-11-06 09:00:00+00:00,0,0,0
2022-11-06 10:00:00+00:00,0,0,0
2022-11-06 11:00:00+00:00,0,0,0
2022-11-06 12:00:00+00:00,0,0,0
2022-11-06 13:00:00+00:00,0,0,0
2022-11-06 14:00:00+00:00,0,0,0
2022-11-06 15:00:00+00:00,0,0,0
2022-11-06 16:00:00+00:00,0,0,0
2022-11-06 17:00:00+00:00,0,0,0
2022-11-06 18:00:00+00:00,67,1508,104
2022-11-06 19:00:00+00:00,67,1483,105
2022-11-06 20:00:00+00:00,67,1470,105
2022-11-06 21:00:00+00:00,73,883,105
2022-11-06 22:00:00+00:00,76,610,105
2022-11-06 23:00:00+00:00,76,610,105
2022-11-07 00:00:00+00:00,79,647,105
2022-11-07 01:00:00+00:00,87,721,105
2022-11-07 02:00:00+00:00,74,750,105
2022-11-07 03:00:00+00:00,62,782,105
2022-11-07 04:00:00+00:00,0,0,0
2022-11-07 05:00:00+00:00,0,0,0
2022-11-07 06:00:00+00:00,0,0,0
2022-11-07 07:00:00+00:00,0,0,0
2022-11-07 08:00:00+00:00,0,0,0
2022-11-07 09:00:00+00:00,0,0,0
2022-11-07 10:00:00+00:00,0,0,0
2022-11-07 11:00:00+00:00,0,0,0
2022-11-07 12:00:00+00:00,0,0,0
2022-11-07 13:00:00+00:00,0,0,0
2022-11-07 14:00:00+00:00,0,0,0
2022-11-07 15:00:00+00:00,0,0,0
2022-11-07 16:00:00+00:00,0,0,0
2022-11-07 17:00:00+00:00,0,0,0
2022-11-07 18:00:00+00:00,87,724,104
2022-11-07 19:00:00+00:00,87,725,104
2022-11-07 20:00:00+00:00,87,725,104
2022-11-07 21:00:00+00:00,42,0,105
2022-11-07 22:00:00+00:00,42,0,105
2022-11-07 23:00:00+00:00,87,725,105
2022-11-08 00:00:00+00:00,87,724,105
2022-11-08 01:00:00+00:00,87,719,105
2022-11-08 02:00:00+00:00,87,719,106
2022-11-08 03:00:00+00:00,96,589,105
2022-11-08 04:00:00+00:00,96,590,105
2022-11-08 05:00:00+00:00,78,1000,106
2022-11-08 06:00:00+00:00,77,995,106
2022-11-08 07:00:00+00:00,76,608,106
2022-11-08 08:00:00+00:00,76,611,105
2022-11-08 09:00:00+00:00,76,617,105
2022-11-08 10:00:00+00:00,95,880,105
2022-11-08 11:00:00+00:00,93,880,106
2022-11-08 12:00:00+00:00,56,921,106
2022-11-08 13:00:00+00:00,56,923,106
2022-11-08 14:00:00+00:00,37,993,106
2022-11-08 15:00:00+00:00,0,0,0
2022-11-08 16:00:00+00:00,0,0,0
2022-11-08 17:00:00+00:00,0,0,0
2022-11-08 18:00:00+00:00,37,997,106
2022-11-08 19:00:00+00:00,37,997,106
2022-11-08 20:00:00+00:00,37,995,107
2022-11-08 21:00:00+00:00,47,833,107
2022-11-08 22:00:00+00:00,54,729,106
2022-11-08 23:00:00+00:00,65,860,106
2022-11-09 00:00:00+00:00,78,1023,107
2022-11-09 01:00:00+00:00,78,1003,107
2022-11-09 02:00:00+00:00,20,1119,107
2022-11-09 03:00:00+00:00,20,1126,107
2022-11-09 04:00:00+00:00,96,587,106
2022-11-09 05:00:00+00:00,96,586,106
2022-11-09 06:00:00+00:00,67,850,106
2022-11-09 07:00:00+00:00,62,899,107
2022-11-09 08:00:00+00:00,87,727,106
2022-11-09 09:00:00+00:00,64,864,106
2022-11-09 10:00:00+00:00,58,913,107
2022-11-09 11:00:00+00:00,87,718,106
2022-11-09 12:00:00+00:00,95,881,105
2022-11-09 13:00:00+00:00,95,880,106
2022-11-09 14:00:00+00:00,95,839,102
2022-11-09 15:00:00+00:00,0,0,0
2022-11-09 16:00:00+00:00,0,0,0
2022-11-09 17:00:00+00:00,0,0,0
2022-11-09 18:00:00+00:00,95,879,105
2022-11-09 19:00:00+00:00,95,879,106
2022-11-09 20:00:00+00:00,95,876,106
2022-11-09 21:00:00+00:00,89,802,107
2022-11-09 22:00:00+00:00,76,606,106
2022-11-09 23:00:00+00:00,76,607,105
2022-11-10 00:00:00+00:00,76,608,106
2022-11-10 01:00:00+00:00,94,879,106
2022-11-10 02:00:00+00:00,94,879,107
2022-11-10 03:00:00+00:00,94,881,107
2022-11-10 04:00:00+00:00,93,881,107
2022-11-10 05:00:00+00:00,52,176,42
2022-11-10 06:00:00+00:00,52,175,41
2022-11-10 07:00:00+00:00,77,678,105
2022-11-10 08:00:00+00:00,77,684,105
2022-11-10 09:00:00+00:00,52,178,41
2022-11-10 10:00:00+00:00,52,213,45
2022-11-10 11:00:00+00:00,65,723,106
2022-11-10 12:00:00+00:00,88,621,106
2022-11-10 13:00:00+00:00,96,588,106
2022-11-10 14:00:00+00:00,96,587,106
2022-11-10 15:00:00+00:00,0,0,0
2022-11-10 16:00:00+00:00,0,0,0
2022-11-10 17:00:00+00:00,0,0,0
2022-11-10 18:00:00+00:00,96,583,106
2022-11-10 19:00:00+00:00,19,1180,106
2022-11-10 20:00:00+00:00,30,1069,107
2022-11-10 21:00:00+00:00,37,1005,108
2022-11-10 22:00:00+00:00,37,1007,108
2022-11-10 23:00:00+00:00,37,1001,107
2022-11-11 00:00:00+00:00,37,1002,108
2022-11-11 01:00:00+00:00,56,918,108
2022-11-11 02:00:00+00:00,54,792,108
2022-11-11 03:00:00+00:00,77,1008,107
2022-11-11 04:00:00+00:00,78,1010,108
2022-11-11 05:00:00+00:00,78,1010,108
2022-11-11 06:00:00+00:00,78,1007,108
2022-11-11 07:00:00+00:00,54,734,107
2022-11-11 08:00:00+00:00,54,731,106
2022-11-11 09:00:00+00:00,58,730,106
2022-11-11 10:00:00+00:00,71,667,106
2022-11-11 11:00:00+00:00,76,609,106
2022-11-11 12:00:00+00:00,73,638,105
2022-11-11 13:00:00+00:00,66,723,106
2022-11-11 14:00:00+00:00,66,725,107
2022-11-11 15:00:00+00:00,0,0,0
2022-11-11 16:00:00+00:00,0,0,0
2022-11-11 17:00:00+00:00,0,0,0
2022-11-11 18:00:00+00:00,0,0,0
2022-11-11 19:00:00+00:00,0,0,0
2022-11-11 20:00:00+00:00,0,0,0
2022-11-11 21:00:00+00:00,0,0,0
2022-11-11 22:00:00+00:00,0,0,0
2022-11-11 23:00:00+00:00,0,0,0
2022-11-12 00:00:00+00:00,96,154,106
2022-11-12 01:00:00+00:00,96,154,105
2022-11-12 02:00:00+00:00,93,145,105
2022-11-12 03:00:00+00:00,87,156,105
2022-11-12 04:00:00+00:00,87,155,106
2022-11-12 05:00:00+00:00,87,157,105
2022-11-12 06:00:00+00:00,87,155,105
2022-11-12 07:00:00+00:00,87,160,106
2022-11-12 08:00:00+00:00,80,162,106
2022-11-12 09:00:00+00:00,67,169,106
2022-11-12 10:00:00+00:00,87,155,106
2022-11-12 11:00:00+00:00,79,163,106
2022-11-12 12:00:00+00:00,56,174,106
2022-11-12 13:00:00+00:00,56,184,105
2022-11-12 14:00:00+00:00,81,155,105
2022-11-12 15:00:00+00:00,87,159,105
2022-11-12 16:00:00+00:00,42,196,106
2022-11-12 17:00:00+00:00,37,192,107
2022-11-12 18:00:00+00:00,37,198,107
2022-11-12 19:00:00+00:00,37,192,106
2022-11-12 20:00:00+00:00,0,0,0
2022-11-12 21:00:00+00:00,0,0,0
2022-11-12 22:00:00+00:00,0,0,0
2022-11-12 23:00:00+00:00,0,0,0
2022-11-13 00:00:00+00:00,0,0,0
2022-11-13 01:00:00+00:00,0,0,0
2022-11-13 02:00:00+00:00,0,0,0
2022-11-13 03:00:00+00:00,0,0,0
2022-11-13 04:00:00+00:00,0,0,0
2022-11-13 05:00:00+00:00,0,0,0
2022-11-13 06:00:00+00:00,0,0,0
2022-11-13 07:00:00+00:00,0,0,0
2022-11-13 08:00:00+00:00,0,0,0
2022-11-13 09:00:00+00:00,0,0,0
2022-11-13 10:00:00+00:00,0,0,0
2022-11-13 11:00:00+00:00,0,0,0
2022-11-13 12:00:00+00:00,0,0,0
2022-11-13 13:00:00+00:00,0,0,0
2022-11-13 14:00:00+00:00,0,0,0
2022-11-13 15:00:00+00:00,0,0,0
2022-11-13 16:00:00+00:00,0,0,0
2022-11-13 17:00:00+00:00,0,0,0
2022-11-13 18:00:00+00:00,0,0,0
2022-11-13 19:00:00+00:00,0,0,0
2022-11-13 20:00:00+00:00,0,0,0
2022-11-13 21:00:00+00:00,0,0,0
2022-11-13 22:00:00+00:00,0,0,0
2022-11-13 23:00:00+00:00,0,0,0
2022-11-14 00:00:00+00:00,0,0,0
2022-11-14 01:00:00+00:00,0,0,0
2022-11-14 02:00:00+00:00,0,0,0
2022-11-14 03:00:00+00:00,0,0,0
2022-11-14 04:00:00+00:00,0,0,0
2022-11-14 05:00:00+00:00,0,0,0
2022-11-14 06:00:00+00:00,0,0,0
2022-11-14 07:00:00+00:00,0,0,0
2022-11-14 08:00:00+00:00,0,0,0
2022-11-14 09:00:00+00:00,0,0,0
2022-11-14 10:00:00+00:00,0,0,0
2022-11-14 11:00:00+00:00,0,0,0
2022-11-14 12:00:00+00:00,0,0,0
2022-11-14 13:00:00+00:00,0,0,0
2022-11-14 14:00:00+00:00,0,0,0
2022-11-14 15:00:00+00:00,0,0,0
2022-11-14 16:00:00+00:00,0,0,0
2022-11-14 17:00:00+00:00,0,0,0
2022-11-14 18:00:00+00:00,0,0,0
2022-11-14 19:00:00+00:00,0,0,0
2022-11-14 20:00:00+00:00,0,0,0
2022-11-14 21:00:00+00:00,0,0,0
2022-11-14 22:00:00+00:00,0,0,0
2022-11-14 23:00:00+00:00,37,215,104
2022-11-15 00:00:00+00:00,70,196,106
2022-11-15 01:00:00+00:00,78,196,106
2022-11-15 02:00:00+00:00,78,195,107
2022-11-15 03:00:00+00:00,0,0,0
2022-11-15 04:00:00+00:00,0,0,0
2022-11-15 05:00:00+00:00,42,0,105
2022-11-15 06:00:00+00:00,42,0,106
2022-11-15 07:00:00+00:00,78,191,106
2022-11-15 08:00:00+00:00,78,203,106
2022-11-15 09:00:00+00:00,76,165,106
2022-11-15 10:00:00+00:00,76,143,105
2022-11-15 11:00:00+00:00,76,142,105
2022-11-15 12:00:00+00:00,76,139,105
2022-11-15 13:00:00+00:00,0,0,0
2022-11-15 14:00:00+00:00,58,206,106
2022-11-15 15:00:00+00:00,58,208,107
2022-11-15 16:00:00+00:00,19,191,106
2022-11-15 17:00:00+00:00,19,199,106
2022-11-15 18:00:00+00:00,57,183,105
2022-11-15 19:00:00+00:00,53,66,60
2022-11-15 20:00:00+00:00,0,0,0
2022-11-15 21:00:00+00:00,0,0,0
2022-11-15 22:00:00+00:00,52,35,43
2022-11-15 23:00:00+00:00,52,32,40
2022-11-16 00:00:00+00:00,52,33,39
2022-11-16 01:00:00+00:00,52,33,39
2022-11-16 02:00:00+00:00,67,78,62
2022-11-16 03:00:00+00:00,96,150,104
2022-11-16 04:00:00+00:00,96,156,104
2022-11-16 05:00:00+00:00,0,0,0
2022-11-16 06:00:00+00:00,94,175,105
2022-11-16 07:00:00+00:00,94,178,106
2022-11-16 08:00:00+00:00,89,206,106
2022-11-16 09:00:00+00:00,80,262,106
2022-11-16 10:00:00+00:00,80,264,106
2022-11-16 11:00:00+00:00,7,173,106
2022-11-16 12:00:00+00:00,7,171,106
2022-11-16 13:00:00+00:00,7,186,105
2022-11-16 14:00:00+00:00,7,177,105
2022-11-16 15:00:00+00:00,29,180,105
2022-11-16 16:00:00+00:00,57,186,105
2022-11-16 17:00:00+00:00,38,187,105
2022-11-16 18:00:00+00:00,37,199,106
2022-11-16 19:00:00+00:00,96,160,105
2022-11-16 20:00:00+00:00,0,0,0
2022-11-16 21:00:00+00:00,0,0,0
2022-11-16 22:00:00+00:00,0,0,0
2022-11-16 23:00:00+00:00,96,152,105
2022-11-17 00:00:00+00:00,96,154,104
2022-11-17 01:00:00+00:00,37,192,105
2022-11-17 02:00:00+00:00,37,189,105
2022-11-17 03:00:00+00:00,37,189,105
2022-11-17 04:00:00+00:00,37,198,105
2022-11-17 05:00:00+00:00,68,556,105
2022-11-17 06:00:00+00:00,68,502,106
2022-11-17 07:00:00+00:00,70,492,106
2022-11-17 08:00:00+00:00,95,176,106
2022-11-17 09:00:00+00:00,95,184,105
2022-11-17 10:00:00+00:00,95,170,107
2022-11-17 11:00:00+00:00,64,0,106
2022-11-17 12:00:00+00:00,66,163,107
2022-11-17 13:00:00+00:00,66,138,106
2022-11-17 14:00:00+00:00,66,170,106
2022-11-17 15:00:00+00:00,66,159,107
2022-11-17 16:00:00+00:00,94,173,107
2022-11-17 17:00:00+00:00,83,158,107
2022-11-17 18:00:00+00:00,76,141,106
2022-11-17 19:00:00+00:00,76,138,106
2022-11-17 20:00:00+00:00,0,0,0
2022-11-17 21:00:00+00:00,0,0,0
2022-11-17 22:00:00+00:00,0,0,0
2022-11-17 23:00:00+00:00,76,142,106
2022-11-18 00:00:00+00:00,76,139,106
2022-11-18 01:00:00+00:00,96,153,106
2022-11-18 02:00:00+00:00,86,176,106
2022-11-18 03:00:00+00:00,78,201,107
2022-11-18 04:00:00+00:00,78,193,107
2022-11-18 05:00:00+00:00,78,196,107
2022-11-18 06:00:00+00:00,54,168,106
2022-11-18 07:00:00+00:00,54,166,107
2022-11-18 08:00:00+00:00,20,232,106
2022-11-18 09:00:00+00:00,20,221,107
2022-11-18 10:00:00+00:00,25,229,107
2022-11-18 11:00:00+00:00,56,592,106
2022-11-18 12:00:00+00:00,76,894,107
2022-11-18 13:00:00+00:00,95,869,106
2022-11-18 14:00:00+00:00,95,875,106
2022-11-18 15:00:00+00:00,95,869,107
2022-11-18 16:00:00+00:00,96,587,106
2022-11-18 17:00:00+00:00,65,299,61
2022-11-18 18:00:00+00:00,52,174,40
2022-11-18 19:00:00+00:00,52,174,40
2022-11-18 20:00:00+00:00,0,0,0
2022-11-18 21:00:00+00:00,0,0,0
2022-11-18 22:00:00+00:00,0,0,0
2022-11-18 23:00:00+00:00,55,324,57
2022-11-19 00:00:00+00:00,65,722,105
2022-11-19 01:00:00+00:00,53,174,40
2022-11-19 02:00:00+00:00,53,174,40
2022-11-19 03:00:00+00:00,53,174,40
2022-11-19 04:00:00+00:00,54,380,57
2022-11-19 05:00:00+00:00,57,944,106
2022-11-19 06:00:00+00:00,94,883,104
2022-11-19 07:00:00+00:00,94,879,106
2022-11-19 08:00:00+00:00,94,879,107
2022-11-19 09:00:00+00:00,94,879,107
2022-11-19 10:00:00+00:00,19,1175,106
2022-11-19 11:00:00+00:00,36,1127,106
2022-11-19 12:00:00+00:00,78,1006,106
2022-11-19 13:00:00+00:00,78,998,105
2022-11-19 14:00:00+00:00,96,588,105
2022-11-19 15:00:00+00:00,96,588,105
2022-11-19 16:00:00+00:00,57,851,105
2022-11-19 17:00:00+00:00,37,993,106
2022-11-19 18:00:00+00:00,37,996,107
2022-11-19 19:00:00+00:00,67,1504,105
2022-11-19 20:00:00+00:00,0,0,0
2022-11-19 21:00:00+00:00,0,0,0
2022-11-19 22:00:00+00:00,0,0,0
2022-11-19 23:00:00+00:00,0,0,0
2022-11-20 00:00:00+00:00,0,0,0
2022-11-20 01:00:00+00:00,0,0,0
2022-11-20 02:00:00+00:00,0,0,0
2022-11-20 03:00:00+00:00,0,0,0
2022-11-20 04:00:00+00:00,0,0,0
2022-11-20 05:00:00+00:00,0,0,0
2022-11-20 06:00:00+00:00,0,0,0
2022-11-20 07:00:00+00:00,0,0,0
2022-11-20 08:00:00+00:00,0,0,0
2022-11-20 09:00:00+00:00,0,0,0
2022-11-20 10:00:00+00:00,0,0,0
2022-11-20 11:00:00+00:00,0,0,0
2022-11-20 12:00:00+00:00,0,0,0
2022-11-20 13:00:00+00:00,0,0,0
2022-11-20 14:00:00+00:00,0,0,0
2022-11-20 15:00:00+00:00,0,0,0
2022-11-20 16:00:00+00:00,0,0,0
2022-11-20 17:00:00+00:00,0,0,0
2022-11-20 18:00:00+00:00,0,0,0
2022-11-20 19:00:00+00:00,0,0,0
2022-11-20 20:00:00+00:00,0,0,0
2022-11-20 21:00:00+00:00,0,0,0
2022-11-20 22:00:00+00:00,0,0,0
2022-11-20 23:00:00+00:00,67,1510,103
2022-11-21 00:00:00+00:00,67,1484,105
2022-11-21 01:00:00+00:00,67,1475,105
2022-11-21 02:00:00+00:00,71,1024,105
2022-11-21 03:00:00+00:00,76,611,105
2022-11-21 04:00:00+00:00,76,609,105
2022-11-21 05:00:00+00:00,78,640,105
2022-11-21 06:00:00+00:00,87,720,105
2022-11-21 07:00:00+00:00,81,734,105
2022-11-21 08:00:00+00:00,62,781,105
2022-11-21 09:00:00+00:00,0,0,0
2022-11-21 10:00:00+00:00,0,0,0
2022-11-21 11:00:00+00:00,0,0,0
2022-11-21 12:00:00+00:00,0,0,0
2022-11-21 13:00:00+00:00,0,0,0
2022-11-21 14:00:00+00:00,0,0,0
2022-11-21 15:00:00+00:00,0,0,0
2022-11-21 16:00:00+00:00,0,0,0
2022-11-21 17:00:00+00:00,0,0,0
2022-11-21 18:00:00+00:00,0,0,0
2022-11-21 19:00:00+00:00,0,0,0
2022-11-21 20:00:00+00:00,0,0,0
2022-11-21 21:00:00+00:00,0,0,0
2022-11-21 22:00:00+00:00,0,0,0
2022-11-21 23:00:00+00:00,87,724,104
2022-11-22 00:00:00+00:00,87,725,104
2022-11-22 01:00:00+00:00,87,725,104
2022-11-22 02:00:00+00:00,42,0,105
2022-11-22 03:00:00+00:00,42,0,105
2022-11-22 04:00:00+00:00,87,726,105
2022-11-22 05:00:00+00:00,87,724,105
2022-11-22 06:00:00+00:00,87,720,105
2022-11-22 07:00:00+00:00,87,722,106
2022-11-22 08:00:00+00:00,96,588,105
2022-11-22 09:00:00+00:00,96,590,105
2022-11-22 10:00:00+00:00,78,997,106
2022-11-22 11:00:00+00:00,78,1007,106
2022-11-22 12:00:00+00:00,76,608,106
2022-11-22 13:00:00+00:00,76,612,105
2022-11-22 14:00:00+00:00,76,609,105
2022-11-22 15:00:00+00:00,95,875,105
2022-11-22 16:00:00+00:00,95,880,106
2022-11-22 17:00:00+00:00,56,921,106
2022-11-22 18:00:00+00:00,56,923,106
2022-11-22 19:00:00+00:00,41,969,106
2022-11-22 20:00:00+00:00,0,0,0
2022-11-22 21:00:00+00:00,0,0,0
2022-11-22 22:00:00+00:00,0,0,0
2022-11-22 23:00:00+00:00,37,997,106
2022-11-23 00:00:00+00:00,37,996,106
2022-11-23 01:00:00+00:00,37,995,107
2022-11-23 02:00:00+00:00,45,871,107
2022-11-23 03:00:00+00:00,54,729,106
2022-11-23 04:00:00+00:00,61,814,106
2022-11-23 05:00:00+00:00,78,1021,106
2022-11-23 06:00:00+00:00,78,1004,107
2022-11-23 07:00:00+00:00,20,1120,107
2022-11-23 08:00:00+00:00,20,1123,107
2022-11-23 09:00:00+00:00,80,697,106
2022-11-23 10:00:00+00:00,96,587,106
2022-11-23 11:00:00+00:00,72,803,106
2022-11-23 12:00:00+00:00,61,905,107
2022-11-23 13:00:00+00:00,87,726,106
2022-11-23 14:00:00+00:00,75,797,106
2022-11-23 15:00:00+00:00,46,985,107
2022-11-23 16:00:00+00:00,87,718,106
2022-11-23 17:00:00+00:00,95,883,104
2022-11-23 18:00:00+00:00,95,879,105
2022-11-23 19:00:00+00:00,95,839,102
2022-11-23 20:00:00+00:00,0,0,0
2022-11-23 21:00:00+00:00,0,0,0
2022-11-23 22:00:00+00:00,0,0,0
2022-11-23 23:00:00+00:00,95,880,105
2022-11-24 00:00:00+00:00,95,877,106
2022-11-24 01:00:00+00:00,95,876,106
2022-11-24 02:00:00+00:00,93,857,107
2022-11-24 03:00:00+00:00,76,607,106
2022-11-24 04:00:00+00:00,76,607,105
2022-11-24 05:00:00+00:00,76,607,106
2022-11-24 06:00:00+00:00,88,802,106
2022-11-24 07:00:00+00:00,94,879,107
2022-11-24 08:00:00+00:00,94,881,107
2022-11-24 09:00:00+00:00,94,882,107
2022-11-24 10:00:00+00:00,52,176,42
2022-11-24 11:00:00+00:00,52,175,41
2022-11-24 12:00:00+00:00,75,649,101
2022-11-24 13:00:00+00:00,77,683,105
2022-11-24 14:00:00+00:00,52,178,42
2022-11-24 15:00:00+00:00,52,176,41
2022-11-24 16:00:00+00:00,65,724,105
2022-11-24 17:00:00+00:00,84,635,106
2022-11-24 18:00:00+00:00,96,588,106
2022-11-24 19:00:00+00:00,96,586,106
2022-11-24 20:00:00+00:00,0,0,0
2022-11-24 21:00:00+00:00,0,0,0
2022-11-24 22:00:00+00:00,0,0,0
2022-11-24 23:00:00+00:00,96,583,106
2022-11-25 00:00:00+00:00,19,1180,106
2022-11-25 01:00:00+00:00,27,1098,107
2022-11-25 02:00:00+00:00,37,1005,108
2022-11-25 03:00:00+00:00,37,1006,108
2022-11-25 04:00:00+00:00,37,1000,107
2022-11-25 05:00:00+00:00,37,1002,108
2022-11-25 06:00:00+00:00,56,918,108
2022-11-25 07:00:00+00:00,54,819,108
2022-11-25 08:00:00+00:00,73,965,107
2022-11-25 09:00:00+00:00,78,1011,108
2022-11-25 10:00:00+00:00,78,1009,108
2022-11-25 11:00:00+00:00,78,1007,108
2022-11-25 12:00:00+00:00,55,755,107
2022-11-25 13:00:00+00:00,54,732,106
2022-11-25 14:00:00+00:00,56,730,106
2022-11-25 15:00:00+00:00,69,689,106
2022-11-25 16:00:00+00:00,76,611,106
2022-11-25 17:00:00+00:00,76,610,105
2022-11-25 18:00:00+00:00,66,723,106
2022-11-25 19:00:00+00:00,66,725,106
2022-11-25 20:00:00+00:00,0,0,0
2022-11-25 21:00:00+00:00,0,0,0
2022-11-25 22:00:00+00:00,0,0,0
2022-11-25 23:00:00+00:00,0,0,0
2022-11-26 00:00:00+00:00,0,0,0
2022-11-26 01:00:00+00:00,0,0,0
2022-11-26 02:00:00+00:00,0,0,0
2022-11-26 03:00:00+00:00,0,0,0
2022-11-26 04:00:00+00:00,0,0,0
2022-11-26 05:00:00+00:00,0,0,0
2022-11-26 06:00:00+00:00,0,0,0
2022-11-26 07:00:00+00:00,0,0,0
2022-11-26 08:00:00+00:00,0,0,0
2022-11-26 09:00:00+00:00,0,0,0
2022-11-26 10:00:00+00:00,0,0,0
2022-11-26 11:00:00+00:00,0,0,0
2022-11-26 12:00:00+00:00,0,0,0
2022-11-26 13:00:00+00:00,0,0,0
2022-11-26 14:00:00+00:00,0,0,0
2022-11-26 15:00:00+00:00,0,0,0
2022-11-26 16:00:00+00:00,0,0,0
2022-11-26 17:00:00+00:00,0,0,0
2022-11-26 18:00:00+00:00,0,0,0
2022-11-26 19:00:00+00:00,0,0,0
2022-11-26 20:00:00+00:00,0,0,0
2022-11-26 21:00:00+00:00,0,0,0
2022-11-26 22:00:00+00:00,0,0,0
2022-11-26 23:00:00+00:00,0,0,0
2022-11-27 00:00:00+00:00,0,0,0
2022-11-27 01:00:00+00:00,0,0,0
2022-11-27 02:00:00+00:00,0,0,0
2022-11-27 03:00:00+00:00,0,0,0
2022-11-27 04:00:00+00:00,0,0,0
2022-11-27 05:00:00+00:00,0,0,0
2022-11-27 06:00:00+00:00,0,0,0
2022-11-27 07:00:00+00:00,0,0,0
2022-11-27 08:00:00+00:00,0,0,0
2022-11-27 09:00:00+00:00,0,0,0
2022-11-27 10:00:00+00:00,0,0,0
2022-11-27 11:00:00+00:00,0,0,0
2022-11-27 12:00:00+00:00,0,0,0
2022-11-27 13:00:00+00:00,0,0,0
2022-11-27 14:00:00+00:00,0,0,0
2022-11-27 15:00:00+00:00,0,0,0
2022-11-27 16:00:00+00:00,0,0,0
2022-11-27 17:00:00+00:00,0,0,0
2022-11-27 18:00:00+00:00,0,0,0
2022-11-27 19:00:00+00:00,0,0,0
2022-11-27 20:00:00+00:00,0,0,0
2022-11-27 21:00:00+00:00,0,0,0
2022-11-27 22:00:00+00:00,0,0,0
2022-11-27 23:00:00+00:00,0,0,0
2022-11-28 00:00:00+00:00,0,0,0
2022-11-28 01:00:00+00:00,0,0,0
2022-11-28 02:00:00+00:00,0,0,0
2022-11-28 03:00:00+00:00,0,0,0
2022-11-28 04:00:00+00:00,0,0,0
2022-11-28 05:00:00+00:00,0,0,0
2022-11-28 06:00:00+00:00,0,0,0
2022-11-28 07:00:00+00:00,0,0,0
2022-11-28 08:00:00+00:00,0,0,0
2022-11-28 09:00:00+00:00,0,0,0
2022-11-28 10:00:00+00:00,0,0,0
2022-11-28 11:00:00+00:00,0,0,0
2022-11-28 12:00:00+00:00,0,0,0
2022-11-28 13:00:00+00:00,0,0,0
2022-11-28 14:00:00+00:00,0,0,0
2022-11-28 15:00:00+00:00,0,0,0
2022-11-28 16:00:00+00:00,0,0,0
2022-11-28 17:00:00+00:00,0,0,0
2022-11-28 18:00:00+00:00,0,0,0
2022-11-28 19:00:00+00:00,0,0,0
2022-11-28 20:00:00+00:00,0,0,0
2022-11-28 21:00:00+00:00,0,0,0
2022-11-28 22:00:00+00:00,0,0,0
2022-11-28 23:00:00+00:00,0,0,0
2022-11-29 00:00:00+00:00,0,0,0
2022-11-29 01:00:00+00:00,0,0,0
2022-11-29 02:00:00+00:00,0,0,0
2022-11-29 03:00:00+00:00,0,0,0
2022-11-29 04:00:00+00:00,0,0,0
2022-11-29 05:00:00+00:00,0,0,0
2022-11-29 06:00:00+00:00,0,0,0
2022-11-29 07:00:00+00:00,0,0,0
2022-11-29 08:00:00+00:00,0,0,0
2022-11-29 09:00:00+00:00,0,0,0
2022-11-29 10:00:00+00:00,0,0,0
2022-11-29 11:00:00+00:00,0,0,0
2022-11-29 12:00:00+00:00,0,0,0
2022-11-29 13:00:00+00:00,0,0,0
2022-11-29 14:00:00+00:00,0,0,0
2022-11-29 15:00:00+00:00,0,0,0
2022-11-29 16:00:00+00:00,0,0,0
2022-11-29 17:00:00+00:00,0,0,0
2022-11-29 18:00:00+00:00,0,0,0
2022-11-29 19:00:00+00:00,0,0,0
2022-11-29 20:00:00+00:00,0,0,0
2022-11-29 21:00:00+00:00,0,0,0
2022-11-29 22:00:00+00:00,0,0,0
2022-11-29 23:00:00+00:00,0,0,0
2022-11-30 00:00:00+00:00,0,0,0
2022-11-30 01:00:00+00:00,0,0,0
2022-11-30 02:00:00+00:00,0,0,0
2022-11-30 03:00:00+00:00,0,0,0
2022-11-30 04:00:00+00:00,0,0,0
2022-11-30 05:00:00+00:00,0,0,0
2022-11-30 06:00:00+00:00,0,0,0
2022-11-30 07:00:00+00:00,0,0,0
2022-11-30 08:00:00+00:00,0,0,0
2022-11-30 09:00:00+00:00,0,0,0
2022-11-30 10:00:00+00:00,0,0,0
2022-11-30 11:00:00+00:00,0,0,0
2022-11-30 12:00:00+00:00,0,0,0
2022-11-30 13:00:00+00:00,0,0,0
2022-11-30 14:00:00+00:00,0,0,0
2022-11-30 15:00:00+00:00,0,0,0
2022-11-30 16:00:00+00:00,0,0,0
2022-11-30 17:00:00+00:00,0,0,0
2022-11-30 18:00:00+00:00,0,0,0
2022-11-30 19:00:00+00:00,0,0,0
2022-11-30 20:00:00+00:00,0,0,0
2022-11-30 21:00:00+00:00,0,0,0
2022-11-30 22:00:00+00:00,0,0,0
2022-11-30 23:00:00+00:00,0,0,0
2022-12-01 00:00:00+00:00,0,0,0
2022-12-01 01:00:00+00:00,0,0,0
2022-12-01 02:00:00+00:00,0,0,0
2022-12-01 03:00:00+00:00,0,0,0
2022-12-01 04:00:00+00:00,0,0,0
2022-12-01 05:00:00+00:00,0,0,0
2022-12-01 06:00:00+00:00,0,0,0
2022-12-01 07:00:00+00:00,0,0,0
2022-12-01 08:00:00+00:00,0,0,0
2022-12-01 09:00:00+00:00,0,0,0
2022-12-01 10:00:00+00:00,0,0,0
2022-12-01 11:00:00+00:00,0,0,0
2022-12-01 12:00:00+00:00,0,0,0
2022-12-01 13:00:00+00:00,0,0,0
2022-12-01 14:00:00+00:00,0,0,0
2022-12-01 15:00:00+00:00,0,0,0
2022-12-01 16:00:00+00:00,0,0,0
2022-12-01 17:00:00+00:00,0,0,0
2022-12-01 18:00:00+00:00,0,0,0
2022-12-01 19:00:00+00:00,66,722,107
